User_name,User_mail,Acc_No.,Acc_Type,Acc_IFSC,Acc_Branch

Raja,raja@gmail.com,871227954944101,Savings,ERTPS15-06-2003,"$AVE$ BANK , THIRUPPUR , ERODE - 600123"

Anu,anu@gmail.com,871227954944102,Savings,ERTPS30-07-2003,"$AVE$ BANK , THIRUPPUR , ERODE - 600123" 

Suresh Kumar,sureshkumar@gmail.com,871227954944103,Savings,ERTPS11-01-1999,"$AVE$ BANK , THIRUPPUR , ERODE - 600123"

Meena,meena@gmail.com,871227954944104,Savings,ERTPS18-08-2002,"$AVE$ BANK , THIRUPPUR , ERODE - 600123"

Arjun,arjun@gmail.com,871227954944105,Savings,ERTPS04-12-1999,"$AVE$ BANK , THIRUPPUR , ERODE - 600123"

Priya Sharma,priyasharma@gmail.com,871227954944106,Savings,ERTPS27-02-2003,"$AVE$ BANK , THIRUPPUR , ERODE - 600123"

Karthik,karthik@gmail.com,871227954944107,Savings,ERTPS14-09-2001,"$AVE$ BANK , THIRUPPUR , ERODE - 600123"

Divya R,divyar@gmail.com,871227954944108,Savings,ERTPS06-05-2004,"$AVE$ BANK , THIRUPPUR , ERODE - 600123"

Naveen,naveen@gmail.com,871227954944109,Savings,ERTPS19-11-1998,"$AVE$ BANK , THIRUPPUR , ERODE - 600123"

Asha,asha@gmail.com,871227954944110,Savings,ERTPS02-04-2002,"$AVE$ BANK , THIRUPPUR , ERODE - 600123"

Rohit Verma,rohitverma@gmail.com,871227954944111,Savings,ERTPS28-06-1999,"$AVE$ BANK , THIRUPPUR , ERODE - 600123"

Kavya,kavya@gmail.com,871227954944112,Savings,ERTPS10-10-2003,"$AVE$ BANK , THIRUPPUR , ERODE - 600123"

Manoj Kumar,manojkumar@gmail.com,871227954944113,Savings,ERTPS03-03-1997,"$AVE$ BANK , THIRUPPUR , ERODE - 600123"

Deepa,deepa@gmail.com,871227954944114,Savings,ERTPS21-01-2001,"$AVE$ BANK , THIRUPPUR , ERODE - 600123"

Vijay,vijay@gmail.com,871227954944115,Savings,ERTPS12-12-2000,"$AVE$ BANK , THIRUPPUR , ERODE - 600123"

Swathi R,swathir@gmail.com,871227954944116,Savings,ERTPS07-09-2002,"$AVE$ BANK , THIRUPPUR , ERODE - 600123"

Rahul,rahul@gmail.com,871227954944117,Savings,ERTPS16-08-2003,"$AVE$ BANK , THIRUPPUR , ERODE - 600123"

Neha Singh,nehasingh@gmail.com,871227954944118,Savings,ERTPS25-05-2001,"$AVE$ BANK , THIRUPPUR , ERODE - 600123"

Ajay,ajay@gmail.com,871227954944119,Savings,ERTPS01-02-1999,"$AVE$ BANK , THIRUPPUR , ERODE - 600123"

Sandeep Sharma,sandeeep@gmail.com,871227954944120,Savings,ERTPS03-03-1983,"$AVE$ BANK , THIRUPPUR , ERODE - 600123"

Tamil,tamil@gmail.com,871227954944121,Savings,ERTPS21-05-1880,"$AVE$ BANK , THIRUPPUR , ERODE - 600123"

Prathish,prathish@gmail.com,871227954944122,Savings,ERTPS07-03-2000,"$AVE$ BANK , THIRUPPUR , ERODE - 600123"


Raja,raja@gmail.com,442348902264862,Savings,ERTPS15-06-2003,"$AVE$ BANk , THIRUPPUR , ERODE - 600123"
Anu,anu@gmail.com,809785575297494,Savings,ERTPS30-07-2003,"$AVE$ BANk , THIRUPPUR , ERODE - 600123"
Suresh Kumar,sureshkumar@gmail.com,519810747400605,Savings,ERTPS11-01-1999,"$AVE$ BANk , THIRUPPUR , ERODE - 600123"
Meena,meena@gmail.com,720959808842112,Savings,ERTPS18-08-2002,"$AVE$ BANk , THIRUPPUR , ERODE - 600123"
Arjun,arjun@gmail.com,74365541797626,Savings,ERTPS04-12-1999,"$AVE$ BANk , THIRUPPUR , ERODE - 600123"
Priya Sharma,priyasharma@gmail.com,993380252201563,Savings,ERTPS27-02-2003,"$AVE$ BANk , THIRUPPUR , ERODE - 600123"
Karthik,karthik@gmail.com,267136574453176,Savings,ERTPS14-09-2001,"$AVE$ BANk , THIRUPPUR , ERODE - 600123"
Divya R,divyar@gmail.com,338918824765158,Savings,ERTPS06-05-2004,"$AVE$ BANk , THIRUPPUR , ERODE - 600123"
Naveen,naveen@gmail.com,902972422373106,Savings,ERTPS19-11-1998,"$AVE$ BANk , THIRUPPUR , ERODE - 600123"
Asha,asha@gmail.com,547381537733644,Savings,ERTPS02-04-2002,"$AVE$ BANk , THIRUPPUR , ERODE - 600123"
Rohit Verma,rohitverma@gmail.com,770013067738485,Savings,ERTPS28-06-1999,"$AVE$ BANk , THIRUPPUR , ERODE - 600123"
Kavya,kavya@gmail.com,495828819013173,Savings,ERTPS10-10-2003,"$AVE$ BANk , THIRUPPUR , ERODE - 600123"
Manoj Kumar,manojkumar@gmail.com,773924463731267,Savings,ERTPS03-03-1997,"$AVE$ BANk , THIRUPPUR , ERODE - 600123"
Deepa,deepa@gmail.com,335422013174689,Savings,ERTPS21-01-2001,"$AVE$ BANk , THIRUPPUR , ERODE - 600123"
Vijay,vijay@gmail.com,68404388489208,Savings,ERTPS12-12-2000,"$AVE$ BANk , THIRUPPUR , ERODE - 600123"
Swathi R,swathir@gmail.com,615060570414185,Savings,ERTPS07-09-2002,"$AVE$ BANk , THIRUPPUR , ERODE - 600123"
Rahul,rahul@gmail.com,153375204916412,Savings,ERTPS16-08-2003,"$AVE$ BANk , THIRUPPUR , ERODE - 600123"
Neha Singh,nehasingh@gmail.com,822677614390090,Savings,ERTPS25-05-2001,"$AVE$ BANk , THIRUPPUR , ERODE - 600123"
Ajay,ajay@gmail.com,940931547799261,Savings,ERTPS01-02-1999,"$AVE$ BANk , THIRUPPUR , ERODE - 600123"
sandeep sharma,sandeeep@gmail.com,730423493443653,Savings,ERTPS03-03-1983,"$AVE$ BANk , THIRUPPUR , ERODE - 600123"
tamil,tamil@gmail.com,565507440795499,Savings,ERTPS21-05-1880,"$AVE$ BANk , THIRUPPUR , ERODE - 600123"
prathish,prathish@gmail.com,57232193228748,Savings,ERTPS07-03-2000,"$AVE$ BANk , THIRUPPUR , ERODE - 600123"
dhoni,dhoni@gmail.com,254045542949143,Savings,ERTPS07-07-1985,"$AVE$ BANk , THIRUPPUR , ERODE - 600123"
kholi,virat@gmail.com,899405771680543,Savings,ERTPS09-09-1999,"$AVE$ BANk , THIRUPPUR , ERODE - 600123"
raina,raina@gmail.com,46463351283699,Savings,ERTPS03-03-1993,"$AVE$ BANk , THIRUPPUR , ERODE - 600123"
Raja,raja@gmail.com,600883483291442,Savings,ERTPS15-06-2003,"$AVE$ BANk , THIRUPPUR , ERODE - 600123"
Anu,anu@gmail.com,54912477594557,Savings,ERTPS30-07-2003,"$AVE$ BANk , THIRUPPUR , ERODE - 600123"
Suresh Kumar,sureshkumar@gmail.com,329683224034399,Savings,ERTPS11-01-1999,"$AVE$ BANk , THIRUPPUR , ERODE - 600123"
Meena,meena@gmail.com,812449009357716,Savings,ERTPS18-08-2002,"$AVE$ BANk , THIRUPPUR , ERODE - 600123"
Arjun,arjun@gmail.com,861921700093916,Savings,ERTPS04-12-1999,"$AVE$ BANk , THIRUPPUR , ERODE - 600123"
Priya Sharma,priyasharma@gmail.com,626016210994570,Savings,ERTPS27-02-2003,"$AVE$ BANk , THIRUPPUR , ERODE - 600123"
Karthik,karthik@gmail.com,136353096346015,Savings,ERTPS14-09-2001,"$AVE$ BANk , THIRUPPUR , ERODE - 600123"
Divya R,divyar@gmail.com,485501630262241,Savings,ERTPS06-05-2004,"$AVE$ BANk , THIRUPPUR , ERODE - 600123"
Naveen,naveen@gmail.com,95024534140945,Savings,ERTPS19-11-1998,"$AVE$ BANk , THIRUPPUR , ERODE - 600123"
Asha,asha@gmail.com,209849654982473,Savings,ERTPS02-04-2002,"$AVE$ BANk , THIRUPPUR , ERODE - 600123"
Rohit Verma,rohitverma@gmail.com,335339020404359,Savings,ERTPS28-06-1999,"$AVE$ BANk , THIRUPPUR , ERODE - 600123"
Kavya,kavya@gmail.com,597303682151169,Savings,ERTPS10-10-2003,"$AVE$ BANk , THIRUPPUR , ERODE - 600123"
Manoj Kumar,manojkumar@gmail.com,584773599476610,Savings,ERTPS03-03-1997,"$AVE$ BANk , THIRUPPUR , ERODE - 600123"
Deepa,deepa@gmail.com,184759167070417,Savings,ERTPS21-01-2001,"$AVE$ BANk , THIRUPPUR , ERODE - 600123"
Vijay,vijay@gmail.com,825818437875635,Savings,ERTPS12-12-2000,"$AVE$ BANk , THIRUPPUR , ERODE - 600123"
Swathi R,swathir@gmail.com,533848767829485,Savings,ERTPS07-09-2002,"$AVE$ BANk , THIRUPPUR , ERODE - 600123"
Rahul,rahul@gmail.com,10472919677258,Savings,ERTPS16-08-2003,"$AVE$ BANk , THIRUPPUR , ERODE - 600123"
Neha Singh,nehasingh@gmail.com,337738138959101,Savings,ERTPS25-05-2001,"$AVE$ BANk , THIRUPPUR , ERODE - 600123"
Ajay,ajay@gmail.com,725138744105313,Savings,ERTPS01-02-1999,"$AVE$ BANk , THIRUPPUR , ERODE - 600123"
sandeep sharma,sandeeep@gmail.com,315007041324164,Savings,ERTPS03-03-1983,"$AVE$ BANk , THIRUPPUR , ERODE - 600123"
tamil,tamil@gmail.com,149641460703364,Savings,ERTPS21-05-1880,"$AVE$ BANk , THIRUPPUR , ERODE - 600123"
prathish,prathish@gmail.com,495490098184604,Savings,ERTPS07-03-2000,"$AVE$ BANk , THIRUPPUR , ERODE - 600123"
dhoni,dhoni@gmail.com,586661021388581,Savings,ERTPS07-07-1985,"$AVE$ BANk , THIRUPPUR , ERODE - 600123"
kholi,virat@gmail.com,894809350663406,Savings,ERTPS09-09-1999,"$AVE$ BANk , THIRUPPUR , ERODE - 600123"
raina,raina@gmail.com,231988618389921,Savings,ERTPS03-03-1993,"$AVE$ BANk , THIRUPPUR , ERODE - 600123"
thiru,thiru@gmail.com,755119764767308,Savings,ERTPS07-06-1998,"$AVE$ BANk , THIRUPPUR , ERODE - 600123"
Raja,raja@gmail.com,778449597411356,Savings,ERTPS15-06-2003,"$AVE$ BANk , THIRUPPUR , ERODE - 600123"
Anu,anu@gmail.com,549384689813332,Savings,ERTPS30-07-2003,"$AVE$ BANk , THIRUPPUR , ERODE - 600123"
Suresh Kumar,sureshkumar@gmail.com,54222659639783,Savings,ERTPS11-01-1999,"$AVE$ BANk , THIRUPPUR , ERODE - 600123"
Meena,meena@gmail.com,537188038889354,Savings,ERTPS18-08-2002,"$AVE$ BANk , THIRUPPUR , ERODE - 600123"
Arjun,arjun@gmail.com,864945888105225,Savings,ERTPS04-12-1999,"$AVE$ BANk , THIRUPPUR , ERODE - 600123"
Priya Sharma,priyasharma@gmail.com,563083472010028,Savings,ERTPS27-02-2003,"$AVE$ BANk , THIRUPPUR , ERODE - 600123"
Karthik,karthik@gmail.com,229305010581337,Savings,ERTPS14-09-2001,"$AVE$ BANk , THIRUPPUR , ERODE - 600123"
Divya R,divyar@gmail.com,382556497642898,Savings,ERTPS06-05-2004,"$AVE$ BANk , THIRUPPUR , ERODE - 600123"
Naveen,naveen@gmail.com,258107740173220,Savings,ERTPS19-11-1998,"$AVE$ BANk , THIRUPPUR , ERODE - 600123"
Asha,asha@gmail.com,824469915381554,Savings,ERTPS02-04-2002,"$AVE$ BANk , THIRUPPUR , ERODE - 600123"
Rohit Verma,rohitverma@gmail.com,534402285491678,Savings,ERTPS28-06-1999,"$AVE$ BANk , THIRUPPUR , ERODE - 600123"
Kavya,kavya@gmail.com,773511773852542,Savings,ERTPS10-10-2003,"$AVE$ BANk , THIRUPPUR , ERODE - 600123"
Manoj Kumar,manojkumar@gmail.com,172126634265463,Savings,ERTPS03-03-1997,"$AVE$ BANk , THIRUPPUR , ERODE - 600123"
Deepa,deepa@gmail.com,899367352547886,Savings,ERTPS21-01-2001,"$AVE$ BANk , THIRUPPUR , ERODE - 600123"
Vijay,vijay@gmail.com,325400818008405,Savings,ERTPS12-12-2000,"$AVE$ BANk , THIRUPPUR , ERODE - 600123"
Swathi R,swathir@gmail.com,839150175960482,Savings,ERTPS07-09-2002,"$AVE$ BANk , THIRUPPUR , ERODE - 600123"
Rahul,rahul@gmail.com,499759765015512,Savings,ERTPS16-08-2003,"$AVE$ BANk , THIRUPPUR , ERODE - 600123"
Neha Singh,nehasingh@gmail.com,870991829592617,Savings,ERTPS25-05-2001,"$AVE$ BANk , THIRUPPUR , ERODE - 600123"
Ajay,ajay@gmail.com,115722253032889,Savings,ERTPS01-02-1999,"$AVE$ BANk , THIRUPPUR , ERODE - 600123"
sandeep sharma,sandeeep@gmail.com,839731403457740,Savings,ERTPS03-03-1983,"$AVE$ BANk , THIRUPPUR , ERODE - 600123"
tamil,tamil@gmail.com,929567752954473,Savings,ERTPS21-05-1880,"$AVE$ BANk , THIRUPPUR , ERODE - 600123"
prathish,prathish@gmail.com,183734351236922,Savings,ERTPS07-03-2000,"$AVE$ BANk , THIRUPPUR , ERODE - 600123"
dhoni,dhoni@gmail.com,960945523763878,Savings,ERTPS07-07-1985,"$AVE$ BANk , THIRUPPUR , ERODE - 600123"
kholi,virat@gmail.com,484070712066639,Savings,ERTPS09-09-1999,"$AVE$ BANk , THIRUPPUR , ERODE - 600123"
raina,raina@gmail.com,974067472141538,Savings,ERTPS03-03-1993,"$AVE$ BANk , THIRUPPUR , ERODE - 600123"
thiru,thiru@gmail.com,54982204289950,Savings,ERTPS07-06-1998,"$AVE$ BANk , THIRUPPUR , ERODE - 600123"
Raja,raja@gmail.com,380948777986853,Savings,ERTPS15-06-2003,"$AVE$ BANk , THIRUPPUR , ERODE - 600123"
Anu,anu@gmail.com,183348363109227,Savings,ERTPS30-07-2003,"$AVE$ BANk , THIRUPPUR , ERODE - 600123"
Suresh Kumar,sureshkumar@gmail.com,90490044158696,Savings,ERTPS11-01-1999,"$AVE$ BANk , THIRUPPUR , ERODE - 600123"
Meena,meena@gmail.com,303331505415455,Savings,ERTPS18-08-2002,"$AVE$ BANk , THIRUPPUR , ERODE - 600123"
Arjun,arjun@gmail.com,88690594736073,Savings,ERTPS04-12-1999,"$AVE$ BANk , THIRUPPUR , ERODE - 600123"
Priya Sharma,priyasharma@gmail.com,189190481712341,Savings,ERTPS27-02-2003,"$AVE$ BANk , THIRUPPUR , ERODE - 600123"
Karthik,karthik@gmail.com,36595699708986,Savings,ERTPS14-09-2001,"$AVE$ BANk , THIRUPPUR , ERODE - 600123"
Divya R,divyar@gmail.com,706546166240741,Savings,ERTPS06-05-2004,"$AVE$ BANk , THIRUPPUR , ERODE - 600123"
Naveen,naveen@gmail.com,105927901848782,Savings,ERTPS19-11-1998,"$AVE$ BANk , THIRUPPUR , ERODE - 600123"
Asha,asha@gmail.com,412817553480413,Savings,ERTPS02-04-2002,"$AVE$ BANk , THIRUPPUR , ERODE - 600123"
Rohit Verma,rohitverma@gmail.com,363839527318207,Savings,ERTPS28-06-1999,"$AVE$ BANk , THIRUPPUR , ERODE - 600123"
Kavya,kavya@gmail.com,619124573545295,Savings,ERTPS10-10-2003,"$AVE$ BANk , THIRUPPUR , ERODE - 600123"
Manoj Kumar,manojkumar@gmail.com,309839990641386,Savings,ERTPS03-03-1997,"$AVE$ BANk , THIRUPPUR , ERODE - 600123"
Deepa,deepa@gmail.com,535555841654011,Savings,ERTPS21-01-2001,"$AVE$ BANk , THIRUPPUR , ERODE - 600123"
Vijay,vijay@gmail.com,907236627731815,Savings,ERTPS12-12-2000,"$AVE$ BANk , THIRUPPUR , ERODE - 600123"
Swathi R,swathir@gmail.com,552687900068074,Savings,ERTPS07-09-2002,"$AVE$ BANk , THIRUPPUR , ERODE - 600123"
Rahul,rahul@gmail.com,992669662059426,Savings,ERTPS16-08-2003,"$AVE$ BANk , THIRUPPUR , ERODE - 600123"
Neha Singh,nehasingh@gmail.com,2216076798490,Savings,ERTPS25-05-2001,"$AVE$ BANk , THIRUPPUR , ERODE - 600123"
Ajay,ajay@gmail.com,374335165030841,Savings,ERTPS01-02-1999,"$AVE$ BANk , THIRUPPUR , ERODE - 600123"
sandeep sharma,sandeeep@gmail.com,987534032337235,Savings,ERTPS03-03-1983,"$AVE$ BANk , THIRUPPUR , ERODE - 600123"
tamil,tamil@gmail.com,463524670614421,Savings,ERTPS21-05-1880,"$AVE$ BANk , THIRUPPUR , ERODE - 600123"
prathish,prathish@gmail.com,957519207122292,Savings,ERTPS07-03-2000,"$AVE$ BANk , THIRUPPUR , ERODE - 600123"
dhoni,dhoni@gmail.com,856939459956960,Savings,ERTPS07-07-1985,"$AVE$ BANk , THIRUPPUR , ERODE - 600123"
kholi,virat@gmail.com,888715682291207,Savings,ERTPS09-09-1999,"$AVE$ BANk , THIRUPPUR , ERODE - 600123"
raina,raina@gmail.com,636941271957130,Savings,ERTPS03-03-1993,"$AVE$ BANk , THIRUPPUR , ERODE - 600123"
thiru,thiru@gmail.com,424067598909049,Savings,ERTPS07-06-1998,"$AVE$ BANk , THIRUPPUR , ERODE - 600123"
devillers,abd@gmail.com,395951868352909,Savings,ERTPS08-08-1998,"$AVE$ BANk , THIRUPPUR , ERODE - 600123"
Raja,raja@gmail.com,34719960293603,Savings,ERTPS15-06-2003,"$AVE$ BANk , THIRUPPUR , ERODE - 600123"
Anu,anu@gmail.com,615525878038007,Savings,ERTPS30-07-2003,"$AVE$ BANk , THIRUPPUR , ERODE - 600123"
Suresh Kumar,sureshkumar@gmail.com,917733086105518,Savings,ERTPS11-01-1999,"$AVE$ BANk , THIRUPPUR , ERODE - 600123"
Meena,meena@gmail.com,252865975144934,Savings,ERTPS18-08-2002,"$AVE$ BANk , THIRUPPUR , ERODE - 600123"
Arjun,arjun@gmail.com,201559961195520,Savings,ERTPS04-12-1999,"$AVE$ BANk , THIRUPPUR , ERODE - 600123"
Priya Sharma,priyasharma@gmail.com,979757626976893,Savings,ERTPS27-02-2003,"$AVE$ BANk , THIRUPPUR , ERODE - 600123"
Karthik,karthik@gmail.com,468323835218277,Savings,ERTPS14-09-2001,"$AVE$ BANk , THIRUPPUR , ERODE - 600123"
Divya R,divyar@gmail.com,429737789518637,Savings,ERTPS06-05-2004,"$AVE$ BANk , THIRUPPUR , ERODE - 600123"
Naveen,naveen@gmail.com,903976778959397,Savings,ERTPS19-11-1998,"$AVE$ BANk , THIRUPPUR , ERODE - 600123"
Asha,asha@gmail.com,27555468611539,Savings,ERTPS02-04-2002,"$AVE$ BANk , THIRUPPUR , ERODE - 600123"
Rohit Verma,rohitverma@gmail.com,584295964295759,Savings,ERTPS28-06-1999,"$AVE$ BANk , THIRUPPUR , ERODE - 600123"
Kavya,kavya@gmail.com,942315821756067,Savings,ERTPS10-10-2003,"$AVE$ BANk , THIRUPPUR , ERODE - 600123"
Manoj Kumar,manojkumar@gmail.com,475534155986575,Savings,ERTPS03-03-1997,"$AVE$ BANk , THIRUPPUR , ERODE - 600123"
Deepa,deepa@gmail.com,516596387578204,Savings,ERTPS21-01-2001,"$AVE$ BANk , THIRUPPUR , ERODE - 600123"
Vijay,vijay@gmail.com,851260992652630,Savings,ERTPS12-12-2000,"$AVE$ BANk , THIRUPPUR , ERODE - 600123"
Swathi R,swathir@gmail.com,912193397617171,Savings,ERTPS07-09-2002,"$AVE$ BANk , THIRUPPUR , ERODE - 600123"
Rahul,rahul@gmail.com,598845195516798,Savings,ERTPS16-08-2003,"$AVE$ BANk , THIRUPPUR , ERODE - 600123"
Neha Singh,nehasingh@gmail.com,403822917755899,Savings,ERTPS25-05-2001,"$AVE$ BANk , THIRUPPUR , ERODE - 600123"
Ajay,ajay@gmail.com,246425437675380,Savings,ERTPS01-02-1999,"$AVE$ BANk , THIRUPPUR , ERODE - 600123"
sandeep sharma,sandeeep@gmail.com,796164512134152,Savings,ERTPS03-03-1983,"$AVE$ BANk , THIRUPPUR , ERODE - 600123"
tamil,tamil@gmail.com,75058790067320,Savings,ERTPS21-05-1880,"$AVE$ BANk , THIRUPPUR , ERODE - 600123"
prathish,prathish@gmail.com,598006949691871,Savings,ERTPS07-03-2000,"$AVE$ BANk , THIRUPPUR , ERODE - 600123"
dhoni,dhoni@gmail.com,905411880001516,Savings,ERTPS07-07-1985,"$AVE$ BANk , THIRUPPUR , ERODE - 600123"
kholi,virat@gmail.com,106209177741684,Savings,ERTPS09-09-1999,"$AVE$ BANk , THIRUPPUR , ERODE - 600123"
raina,raina@gmail.com,794010407823098,Savings,ERTPS03-03-1993,"$AVE$ BANk , THIRUPPUR , ERODE - 600123"
thiru,thiru@gmail.com,533387859874057,Savings,ERTPS07-06-1998,"$AVE$ BANk , THIRUPPUR , ERODE - 600123"
devillers,abd@gmail.com,690293868653598,Savings,ERTPS08-08-1998,"$AVE$ BANk , THIRUPPUR , ERODE - 600123"
radha,radha@gmail.com,303051824167882,Savings,ERTPS07-09-2000,"$AVE$ BANk , THIRUPPUR , ERODE - 600123"
Raja,raja@gmail.com,723110335877663,Savings,ERTPS15-06-2003,"$AVE$ BANk , THIRUPPUR , ERODE - 600123"
Anu,anu@gmail.com,941054809732439,Savings,ERTPS30-07-2003,"$AVE$ BANk , THIRUPPUR , ERODE - 600123"
Suresh Kumar,sureshkumar@gmail.com,246272336383954,Savings,ERTPS11-01-1999,"$AVE$ BANk , THIRUPPUR , ERODE - 600123"
Meena,meena@gmail.com,865497981592008,Savings,ERTPS18-08-2002,"$AVE$ BANk , THIRUPPUR , ERODE - 600123"
Arjun,arjun@gmail.com,17683932382880,Savings,ERTPS04-12-1999,"$AVE$ BANk , THIRUPPUR , ERODE - 600123"
Priya Sharma,priyasharma@gmail.com,32762623717898,Savings,ERTPS27-02-2003,"$AVE$ BANk , THIRUPPUR , ERODE - 600123"
Karthik,karthik@gmail.com,898646855108031,Savings,ERTPS14-09-2001,"$AVE$ BANk , THIRUPPUR , ERODE - 600123"
Divya R,divyar@gmail.com,350953846814538,Savings,ERTPS06-05-2004,"$AVE$ BANk , THIRUPPUR , ERODE - 600123"
Naveen,naveen@gmail.com,941285963700378,Savings,ERTPS19-11-1998,"$AVE$ BANk , THIRUPPUR , ERODE - 600123"
Asha,asha@gmail.com,244427419251148,Savings,ERTPS02-04-2002,"$AVE$ BANk , THIRUPPUR , ERODE - 600123"
Rohit Verma,rohitverma@gmail.com,939261307886104,Savings,ERTPS28-06-1999,"$AVE$ BANk , THIRUPPUR , ERODE - 600123"
Kavya,kavya@gmail.com,686868844720030,Savings,ERTPS10-10-2003,"$AVE$ BANk , THIRUPPUR , ERODE - 600123"
Manoj Kumar,manojkumar@gmail.com,691010949428631,Savings,ERTPS03-03-1997,"$AVE$ BANk , THIRUPPUR , ERODE - 600123"
Deepa,deepa@gmail.com,982569671990545,Savings,ERTPS21-01-2001,"$AVE$ BANk , THIRUPPUR , ERODE - 600123"
Vijay,vijay@gmail.com,342798975244805,Savings,ERTPS12-12-2000,"$AVE$ BANk , THIRUPPUR , ERODE - 600123"
Swathi R,swathir@gmail.com,819740350465427,Savings,ERTPS07-09-2002,"$AVE$ BANk , THIRUPPUR , ERODE - 600123"
Rahul,rahul@gmail.com,618073519740375,Savings,ERTPS16-08-2003,"$AVE$ BANk , THIRUPPUR , ERODE - 600123"
Neha Singh,nehasingh@gmail.com,322787075920631,Savings,ERTPS25-05-2001,"$AVE$ BANk , THIRUPPUR , ERODE - 600123"
Ajay,ajay@gmail.com,560210269249504,Savings,ERTPS01-02-1999,"$AVE$ BANk , THIRUPPUR , ERODE - 600123"
sandeep sharma,sandeeep@gmail.com,261572201999068,Savings,ERTPS03-03-1983,"$AVE$ BANk , THIRUPPUR , ERODE - 600123"
tamil,tamil@gmail.com,791519457023405,Savings,ERTPS21-05-1880,"$AVE$ BANk , THIRUPPUR , ERODE - 600123"
prathish,prathish@gmail.com,350243401754561,Savings,ERTPS07-03-2000,"$AVE$ BANk , THIRUPPUR , ERODE - 600123"
dhoni,dhoni@gmail.com,307618281961868,Savings,ERTPS07-07-1985,"$AVE$ BANk , THIRUPPUR , ERODE - 600123"
kholi,virat@gmail.com,525966477028916,Savings,ERTPS09-09-1999,"$AVE$ BANk , THIRUPPUR , ERODE - 600123"
raina,raina@gmail.com,830752836027744,Savings,ERTPS03-03-1993,"$AVE$ BANk , THIRUPPUR , ERODE - 600123"
thiru,thiru@gmail.com,99742622245627,Savings,ERTPS07-06-1998,"$AVE$ BANk , THIRUPPUR , ERODE - 600123"
devillers,abd@gmail.com,766976615815928,Savings,ERTPS08-08-1998,"$AVE$ BANk , THIRUPPUR , ERODE - 600123"
radha,radhareddy@gmail.com,223260177102566,Savings,ERTPS07-09-2000,"$AVE$ BANk , THIRUPPUR , ERODE - 600123"
Raja,raja@gmail.com,811158494870926,Savings,ERTPS15-06-2003,"$AVE$ BANk , THIRUPPUR , ERODE - 600123"
Anu,anu@gmail.com,801876307153861,Savings,ERTPS30-07-2003,"$AVE$ BANk , THIRUPPUR , ERODE - 600123"
Suresh Kumar,sureshkumar@gmail.com,745863265792622,Savings,ERTPS11-01-1999,"$AVE$ BANk , THIRUPPUR , ERODE - 600123"
Meena,meena@gmail.com,916689113080862,Savings,ERTPS18-08-2002,"$AVE$ BANk , THIRUPPUR , ERODE - 600123"
Arjun,arjun@gmail.com,576060059733896,Savings,ERTPS04-12-1999,"$AVE$ BANk , THIRUPPUR , ERODE - 600123"
Priya Sharma,priyasharma@gmail.com,998752326414701,Savings,ERTPS27-02-2003,"$AVE$ BANk , THIRUPPUR , ERODE - 600123"
Karthik,karthik@gmail.com,567120216529349,Savings,ERTPS14-09-2001,"$AVE$ BANk , THIRUPPUR , ERODE - 600123"
Divya R,divyar@gmail.com,666091449834441,Savings,ERTPS06-05-2004,"$AVE$ BANk , THIRUPPUR , ERODE - 600123"
Naveen,naveen@gmail.com,129747511726311,Savings,ERTPS19-11-1998,"$AVE$ BANk , THIRUPPUR , ERODE - 600123"
Asha,asha@gmail.com,737940606219498,Savings,ERTPS02-04-2002,"$AVE$ BANk , THIRUPPUR , ERODE - 600123"
Rohit Verma,rohitverma@gmail.com,887410773051371,Savings,ERTPS28-06-1999,"$AVE$ BANk , THIRUPPUR , ERODE - 600123"
Kavya,kavya@gmail.com,510651373610603,Savings,ERTPS10-10-2003,"$AVE$ BANk , THIRUPPUR , ERODE - 600123"
Manoj Kumar,manojkumar@gmail.com,330190326719270,Savings,ERTPS03-03-1997,"$AVE$ BANk , THIRUPPUR , ERODE - 600123"
Deepa,deepa@gmail.com,790876396789765,Savings,ERTPS21-01-2001,"$AVE$ BANk , THIRUPPUR , ERODE - 600123"
Vijay,vijay@gmail.com,300267337169866,Savings,ERTPS12-12-2000,"$AVE$ BANk , THIRUPPUR , ERODE - 600123"
Swathi R,swathir@gmail.com,844555473900025,Savings,ERTPS07-09-2002,"$AVE$ BANk , THIRUPPUR , ERODE - 600123"
Rahul,rahul@gmail.com,99261877804891,Savings,ERTPS16-08-2003,"$AVE$ BANk , THIRUPPUR , ERODE - 600123"
Neha Singh,nehasingh@gmail.com,750978404482028,Savings,ERTPS25-05-2001,"$AVE$ BANk , THIRUPPUR , ERODE - 600123"
Ajay,ajay@gmail.com,384872706915682,Savings,ERTPS01-02-1999,"$AVE$ BANk , THIRUPPUR , ERODE - 600123"
sandeep sharma,sandeeep@gmail.com,597741021855752,Savings,ERTPS03-03-1983,"$AVE$ BANk , THIRUPPUR , ERODE - 600123"
tamil,tamil@gmail.com,234874676690883,Savings,ERTPS21-05-1880,"$AVE$ BANk , THIRUPPUR , ERODE - 600123"
prathish,prathish@gmail.com,734395926832200,Savings,ERTPS07-03-2000,"$AVE$ BANk , THIRUPPUR , ERODE - 600123"
dhoni,dhoni@gmail.com,650684345556613,Savings,ERTPS07-07-1985,"$AVE$ BANk , THIRUPPUR , ERODE - 600123"
kholi,virat@gmail.com,506940432322849,Savings,ERTPS09-09-1999,"$AVE$ BANk , THIRUPPUR , ERODE - 600123"
raina,raina@gmail.com,911649219319370,Savings,ERTPS03-03-1993,"$AVE$ BANk , THIRUPPUR , ERODE - 600123"
thiru,thiru@gmail.com,921430424233492,Savings,ERTPS07-06-1998,"$AVE$ BANk , THIRUPPUR , ERODE - 600123"
devillers,abd@gmail.com,962543132099526,Savings,ERTPS08-08-1998,"$AVE$ BANk , THIRUPPUR , ERODE - 600123"
radha,radhareddy@gmail.com,87892094895501,Savings,ERTPS07-09-2000,"$AVE$ BANk , THIRUPPUR , ERODE - 600123"
senthil,senthil@gmail.com,471552612315354,Savings,ERTPS04-05-1888,"$AVE$ BANk , THIRUPPUR , ERODE - 600123"
Raja,raja@gmail.com,18276748929831,Savings,ERTPS15-06-2003,"$AVE$ BANk , THIRUPPUR , ERODE - 600123"
Anu,anu@gmail.com,772201580021567,Savings,ERTPS30-07-2003,"$AVE$ BANk , THIRUPPUR , ERODE - 600123"
Suresh Kumar,sureshkumar@gmail.com,242735749450172,Savings,ERTPS11-01-1999,"$AVE$ BANk , THIRUPPUR , ERODE - 600123"
Meena,meena@gmail.com,243140285695885,Savings,ERTPS18-08-2002,"$AVE$ BANk , THIRUPPUR , ERODE - 600123"
Arjun,arjun@gmail.com,621608959720943,Savings,ERTPS04-12-1999,"$AVE$ BANk , THIRUPPUR , ERODE - 600123"
Priya Sharma,priyasharma@gmail.com,719004475921102,Savings,ERTPS27-02-2003,"$AVE$ BANk , THIRUPPUR , ERODE - 600123"
Karthik,karthik@gmail.com,884022568908453,Savings,ERTPS14-09-2001,"$AVE$ BANk , THIRUPPUR , ERODE - 600123"
Divya R,divyar@gmail.com,325917482407214,Savings,ERTPS06-05-2004,"$AVE$ BANk , THIRUPPUR , ERODE - 600123"
Naveen,naveen@gmail.com,475372678938240,Savings,ERTPS19-11-1998,"$AVE$ BANk , THIRUPPUR , ERODE - 600123"
Asha,asha@gmail.com,170855061020526,Savings,ERTPS02-04-2002,"$AVE$ BANk , THIRUPPUR , ERODE - 600123"
Rohit Verma,rohitverma@gmail.com,204888251655769,Savings,ERTPS28-06-1999,"$AVE$ BANk , THIRUPPUR , ERODE - 600123"
Kavya,kavya@gmail.com,558256917426874,Savings,ERTPS10-10-2003,"$AVE$ BANk , THIRUPPUR , ERODE - 600123"
Manoj Kumar,manojkumar@gmail.com,135257807635314,Savings,ERTPS03-03-1997,"$AVE$ BANk , THIRUPPUR , ERODE - 600123"
Deepa,deepa@gmail.com,260326088738254,Savings,ERTPS21-01-2001,"$AVE$ BANk , THIRUPPUR , ERODE - 600123"
Vijay,vijay@gmail.com,323823700528888,Savings,ERTPS12-12-2000,"$AVE$ BANk , THIRUPPUR , ERODE - 600123"
Swathi R,swathir@gmail.com,764034268764795,Savings,ERTPS07-09-2002,"$AVE$ BANk , THIRUPPUR , ERODE - 600123"
Rahul,rahul@gmail.com,98724233345155,Savings,ERTPS16-08-2003,"$AVE$ BANk , THIRUPPUR , ERODE - 600123"
Neha Singh,nehasingh@gmail.com,864060170248530,Savings,ERTPS25-05-2001,"$AVE$ BANk , THIRUPPUR , ERODE - 600123"
Ajay,ajay@gmail.com,10152302894779,Savings,ERTPS01-02-1999,"$AVE$ BANk , THIRUPPUR , ERODE - 600123"
sandeep sharma,sandeeep@gmail.com,85191352075297,Savings,ERTPS03-03-1983,"$AVE$ BANk , THIRUPPUR , ERODE - 600123"
tamil,tamil@gmail.com,826145550556194,Savings,ERTPS21-05-1880,"$AVE$ BANk , THIRUPPUR , ERODE - 600123"
prathish,prathish@gmail.com,211539781508152,Savings,ERTPS07-03-2000,"$AVE$ BANk , THIRUPPUR , ERODE - 600123"
dhoni,dhoni@gmail.com,488819899597064,Savings,ERTPS07-07-1985,"$AVE$ BANk , THIRUPPUR , ERODE - 600123"
kholi,virat@gmail.com,362739735661386,Savings,ERTPS09-09-1999,"$AVE$ BANk , THIRUPPUR , ERODE - 600123"
raina,raina@gmail.com,544156767408772,Savings,ERTPS03-03-1993,"$AVE$ BANk , THIRUPPUR , ERODE - 600123"
thiru,thiru@gmail.com,602641778354337,Savings,ERTPS07-06-1998,"$AVE$ BANk , THIRUPPUR , ERODE - 600123"
devillers,abd@gmail.com,614981176017907,Savings,ERTPS08-08-1998,"$AVE$ BANk , THIRUPPUR , ERODE - 600123"
radha,radhareddy@gmail.com,865968482074376,Savings,ERTPS07-09-2000,"$AVE$ BANk , THIRUPPUR , ERODE - 600123"
senthil,senthil@gmail.com,149215823293827,Savings,ERTPS04-05-1888,"$AVE$ BANk , THIRUPPUR , ERODE - 600123"
chandra,chandrarajan@gmail.com,408427014403166,Savings,ERTPS09-09-1988,"$AVE$ BANk , THIRUPPUR , ERODE - 600123"
Raja,raja@gmail.com,63958073612941,Savings,ERTPS15-06-2003,"$AVE$ BANk , THIRUPPUR , ERODE - 600123"
Anu,anu@gmail.com,490375527620757,Savings,ERTPS30-07-2003,"$AVE$ BANk , THIRUPPUR , ERODE - 600123"
Suresh Kumar,sureshkumar@gmail.com,457424608991474,Savings,ERTPS11-01-1999,"$AVE$ BANk , THIRUPPUR , ERODE - 600123"
Meena,meena@gmail.com,781385675429019,Savings,ERTPS18-08-2002,"$AVE$ BANk , THIRUPPUR , ERODE - 600123"
Arjun,arjun@gmail.com,392380126131347,Savings,ERTPS04-12-1999,"$AVE$ BANk , THIRUPPUR , ERODE - 600123"
Priya Sharma,priyasharma@gmail.com,70666245564426,Savings,ERTPS27-02-2003,"$AVE$ BANk , THIRUPPUR , ERODE - 600123"
Karthik,karthik@gmail.com,489480057154487,Savings,ERTPS14-09-2001,"$AVE$ BANk , THIRUPPUR , ERODE - 600123"
Divya R,divyar@gmail.com,309397729991579,Savings,ERTPS06-05-2004,"$AVE$ BANk , THIRUPPUR , ERODE - 600123"
Naveen,naveen@gmail.com,377081137208577,Savings,ERTPS19-11-1998,"$AVE$ BANk , THIRUPPUR , ERODE - 600123"
Asha,asha@gmail.com,822045399498656,Savings,ERTPS02-04-2002,"$AVE$ BANk , THIRUPPUR , ERODE - 600123"
Rohit Verma,rohitverma@gmail.com,993907543171000,Savings,ERTPS28-06-1999,"$AVE$ BANk , THIRUPPUR , ERODE - 600123"
Kavya,kavya@gmail.com,621441834631893,Savings,ERTPS10-10-2003,"$AVE$ BANk , THIRUPPUR , ERODE - 600123"
Manoj Kumar,manojkumar@gmail.com,700700864839530,Savings,ERTPS03-03-1997,"$AVE$ BANk , THIRUPPUR , ERODE - 600123"
Deepa,deepa@gmail.com,70794878300938,Savings,ERTPS21-01-2001,"$AVE$ BANk , THIRUPPUR , ERODE - 600123"
Vijay,vijay@gmail.com,2710986454793,Savings,ERTPS12-12-2000,"$AVE$ BANk , THIRUPPUR , ERODE - 600123"
Swathi R,swathir@gmail.com,206696831732815,Savings,ERTPS07-09-2002,"$AVE$ BANk , THIRUPPUR , ERODE - 600123"
Rahul,rahul@gmail.com,488964705270886,Savings,ERTPS16-08-2003,"$AVE$ BANk , THIRUPPUR , ERODE - 600123"
Neha Singh,nehasingh@gmail.com,569240582444261,Savings,ERTPS25-05-2001,"$AVE$ BANk , THIRUPPUR , ERODE - 600123"
Ajay,ajay@gmail.com,929967191477074,Savings,ERTPS01-02-1999,"$AVE$ BANk , THIRUPPUR , ERODE - 600123"
sandeep sharma,sandeeep@gmail.com,760426753769027,Savings,ERTPS03-03-1983,"$AVE$ BANk , THIRUPPUR , ERODE - 600123"
tamil,tamil@gmail.com,847025138983666,Savings,ERTPS21-05-1880,"$AVE$ BANk , THIRUPPUR , ERODE - 600123"
prathish,prathish@gmail.com,642767872171547,Savings,ERTPS07-03-2000,"$AVE$ BANk , THIRUPPUR , ERODE - 600123"
dhoni,dhoni@gmail.com,269109241584734,Savings,ERTPS07-07-1985,"$AVE$ BANk , THIRUPPUR , ERODE - 600123"
kholi,virat@gmail.com,502511890535179,Savings,ERTPS09-09-1999,"$AVE$ BANk , THIRUPPUR , ERODE - 600123"
raina,raina@gmail.com,979525066175829,Savings,ERTPS03-03-1993,"$AVE$ BANk , THIRUPPUR , ERODE - 600123"
thiru,thiru@gmail.com,823813398615687,Savings,ERTPS07-06-1998,"$AVE$ BANk , THIRUPPUR , ERODE - 600123"
devillers,abd@gmail.com,203170106478260,Savings,ERTPS08-08-1998,"$AVE$ BANk , THIRUPPUR , ERODE - 600123"
radha,radhareddy@gmail.com,675781607090746,Savings,ERTPS07-09-2000,"$AVE$ BANk , THIRUPPUR , ERODE - 600123"
senthil,senthil@gmail.com,520922457833071,Savings,ERTPS04-05-1888,"$AVE$ BANk , THIRUPPUR , ERODE - 600123"
chandra,chandrarajan@gmail.com,356877904464611,Savings,ERTPS09-09-1988,"$AVE$ BANk , THIRUPPUR , ERODE - 600123"
sreeleela,sree@gmail.com,435061106249883,Savings,ERTPS30-06-2000,"$AVE$ BANk , THIRUPPUR , ERODE - 600123"
